"X","school","sex","dob","address","famsize","Pstatus","Medu","Fedu","Mjob","Fjob","reason","guardian","traveltime","studytime","failures","schoolsup","famsup","paid","activities","nursery","higher","internet","romantic","famrel","freetime","goout","Dalc","Walc","health","nurse_visit","absences","Grades"
1,"GP","F","2000-06-05","U","GT3","A",4,4,"at_home","teacher","course","mother",2,2,0,"yes","no","no","no","yes","yes","no","no",4,3,4,1,1,3,"2014-04-10 14:59:54",6,"5/6/6"
2,"GP","F","1999-11-25","U","GT3","T",1,1,"at_home","other","course","father",1,2,0,"no","yes","no","no","no","yes","yes","no",5,3,3,1,1,3,"2015-03-12 14:59:54",4,"5/5/6"
3,"GP","F","1998-02-02","U","LE3","T",1,1,"at_home","other","other","mother",1,2,3,"yes","no","yes","no","yes","yes","yes","no",4,3,2,2,3,3,"2015-09-21 14:59:54",10,"7/8/10"
4,"GP","F","1997-12-20","U","GT3","T",4,2,"health","services","home","mother",1,3,0,"no","yes","yes","yes","yes","yes","yes","yes",3,2,2,1,1,5,"2015-09-03 14:59:54",2,"15/14/15"
5,"GP","F","1998-10-04","U","GT3","T",3,3,"other","other","home","father",1,2,0,"no","yes","yes","no","yes","yes","no","no",4,3,2,1,2,5,"2015-04-07 14:59:54",4,"6/10/10"
6,"GP","M","1999-06-16","U","LE3","T",4,3,"services","other","reputation","mother",1,2,0,"no","yes","yes","yes","yes","yes","yes","no",5,4,2,1,2,5,"2013-11-15 14:59:54",10,"15/15/15"
7,"GP","M","1997-09-20","U","LE3","T",2,2,"other","other","home","mother",1,2,0,"no","no","no","no","yes","yes","yes","no",4,4,4,1,1,3,"2015-09-20 14:59:54",0,"12/12/11"
8,"GP","F","1998-07-05","U","GT3","A",4,4,"other","teacher","home","mother",2,2,0,"yes","yes","no","no","yes","yes","no","no",4,1,4,1,1,1,"2015-02-01 14:59:54",6,"6/5/6"
9,"GP","M","2000-03-18","U","LE3","A",3,2,"services","other","home","mother",1,2,0,"no","yes","yes","no","yes","yes","yes","no",4,2,2,1,1,1,"2015-04-12 14:59:54",0,"16/18/19"
10,"GP","M","1997-03-18","U","GT3","T",3,4,"other","other","home","mother",1,2,0,"no","yes","yes","yes","yes","yes","yes","no",5,5,1,1,1,5,"2014-12-30 14:59:54",0,"14/15/15"
11,"GP","F","1998-02-21","U","GT3","T",4,4,"teacher","health","reputation","mother",1,2,0,"no","yes","yes","no","yes","yes","yes","no",3,3,3,1,2,2,"2014-03-08 14:59:54",0,"10/8/9"
12,"GP","F","1999-11-24","U","GT3","T",2,1,"services","other","reputation","father",3,3,0,"no","yes","no","yes","yes","yes","yes","no",5,2,2,1,1,4,"2014-11-30 14:59:54",4,"10/12/12"
13,"GP","M","1999-05-09","U","LE3","T",4,4,"health","services","course","father",1,1,0,"no","yes","yes","yes","yes","yes","yes","no",4,3,3,1,3,5,"2015-10-10 14:59:54",2,"14/14/14"
14,"GP","M","1997-10-07","U","GT3","T",4,3,"teacher","other","course","mother",2,2,0,"no","yes","yes","no","yes","yes","yes","no",5,4,3,1,2,3,"2014-07-26 14:59:54",2,"10/10/11"
15,"GP","M","1999-05-02","U","GT3","A",2,2,"other","other","home","other",1,3,0,"no","yes","no","no","yes","yes","yes","yes",4,5,2,1,1,3,"2015-04-18 14:59:54",0,"14/16/16"
16,"GP","F","1998-05-25","U","GT3","T",4,4,"health","other","home","mother",1,1,0,"no","yes","no","no","yes","yes","yes","no",4,4,4,1,2,2,"2014-01-01 14:59:54",4,"14/14/14"
17,"GP","F","1997-02-15","U","GT3","T",4,4,"services","services","reputation","mother",1,3,0,"no","yes","yes","yes","yes","yes","yes","no",3,2,3,1,2,2,"2014-02-23 14:59:54",6,"13/14/14"
18,"GP","F","1999-04-22","U","GT3","T",3,3,"other","other","reputation","mother",3,2,0,"yes","yes","no","yes","yes","yes","no","no",5,3,2,1,1,4,"2015-09-25 14:59:54",4,"8/10/10"
19,"GP","M","1999-07-27","U","GT3","T",3,2,"services","services","course","mother",1,1,3,"no","yes","no","yes","yes","yes","yes","no",5,5,5,2,4,5,"2015-10-01 14:59:54",16,"6/5/5"
20,"GP","M","1998-12-19","U","LE3","T",4,3,"health","other","home","father",1,1,0,"no","no","yes","yes","yes","yes","yes","no",3,1,3,1,3,5,"2013-12-13 14:59:54",4,"8/10/10"
21,"GP","M","1999-11-06","U","GT3","T",4,3,"teacher","other","reputation","mother",1,2,0,"no","no","no","no","yes","yes","yes","no",4,4,1,1,1,1,"2015-08-20 14:59:54",0,"13/14/15"
22,"GP","M","1998-06-10","U","GT3","T",4,4,"health","health","other","father",1,1,0,"no","yes","yes","no","yes","yes","yes","no",5,4,2,1,1,5,"2014-01-21 14:59:54",0,"12/15/15"
23,"GP","M","1997-10-23","U","LE3","T",4,2,"teacher","other","course","mother",1,2,0,"no","no","no","yes","yes","yes","yes","no",4,5,1,1,3,5,"2014-10-15 14:59:54",2,"15/15/16"
24,"GP","M","1997-05-26","U","LE3","T",2,2,"other","other","reputation","mother",2,2,0,"no","yes","no","yes","yes","yes","yes","no",5,4,4,2,4,5,"2014-11-21 14:59:54",0,"13/13/12"
25,"GP","F","1997-07-28","R","GT3","T",2,4,"services","health","course","mother",1,3,0,"yes","yes","yes","yes","yes","yes","yes","no",4,3,2,1,1,5,"2014-05-20 14:59:54",2,"10/9/8"
26,"GP","F","1999-04-16","U","GT3","T",2,2,"services","services","home","mother",1,1,2,"no","yes","yes","no","no","yes","yes","no",1,2,2,1,3,5,"2013-12-22 14:59:54",14,"6/9/8"
27,"GP","M","1999-11-10","U","GT3","T",2,2,"other","other","home","mother",1,1,0,"no","yes","yes","no","yes","yes","yes","no",4,2,2,1,2,5,"2014-06-14 14:59:54",2,"12/12/11"
28,"GP","M","1997-08-22","U","GT3","T",4,2,"health","services","other","mother",1,1,0,"no","no","yes","no","yes","yes","yes","no",2,2,4,2,4,1,"2015-09-24 14:59:54",4,"15/16/15"
29,"GP","M","1999-09-01","U","LE3","A",3,4,"services","other","home","mother",1,2,0,"yes","yes","no","yes","yes","yes","yes","no",5,3,3,1,1,5,"2014-02-24 14:59:54",4,"11/11/11"
30,"GP","M","1999-01-07","U","GT3","T",4,4,"teacher","teacher","home","mother",1,2,0,"no","yes","yes","yes","yes","yes","yes","yes",4,4,5,5,5,5,"2014-07-20 14:59:54",16,"10/12/11"
31,"GP","M","1998-02-03","U","GT3","T",4,4,"health","services","home","mother",1,2,0,"no","yes","yes","no","no","yes","yes","no",5,4,2,3,4,5,"2013-10-31 14:59:54",0,"9/11/12"
32,"GP","M","2000-10-24","U","GT3","T",4,4,"services","services","reputation","mother",2,2,0,"no","yes","no","yes","yes","yes","yes","no",4,3,1,1,1,5,"2013-11-29 14:59:54",0,"17/16/17"
33,"GP","M","1998-10-26","R","GT3","T",4,3,"teacher","at_home","course","mother",1,2,0,"no","yes","no","yes","yes","yes","yes","yes",4,5,2,1,1,5,"2014-03-31 14:59:54",0,"17/16/16"
34,"GP","M","2000-10-23","U","LE3","T",3,3,"other","other","course","mother",1,2,0,"no","no","no","yes","no","yes","yes","no",5,3,2,1,1,2,"2014-03-17 14:59:54",0,"8/10/12"
35,"GP","M","1997-05-25","U","GT3","T",3,2,"other","other","home","mother",1,1,0,"no","yes","yes","no","no","yes","yes","no",5,4,3,1,1,5,"2014-10-24 14:59:54",0,"12/14/15"
36,"GP","F","1996-11-19","U","GT3","T",2,3,"other","other","other","father",2,1,0,"no","yes","no","yes","yes","yes","no","no",3,5,1,1,1,5,"2013-12-04 14:59:54",0,"8/7/6"
37,"GP","M","1997-03-11","U","LE3","T",4,3,"teacher","services","home","mother",1,3,0,"no","yes","no","yes","yes","yes","yes","no",5,4,3,1,1,4,"2013-11-06 14:59:54",2,"15/16/18"
38,"GP","M","1998-10-06","R","GT3","A",4,4,"other","teacher","reputation","mother",2,3,0,"no","yes","no","yes","yes","yes","yes","yes",2,4,3,1,1,5,"2015-05-08 14:59:54",7,"15/16/15"
39,"GP","F","1999-08-30","R","GT3","T",3,4,"services","health","course","mother",1,3,0,"yes","yes","yes","yes","yes","yes","yes","no",4,3,2,1,1,5,"2015-09-02 14:59:54",2,"12/12/11"
40,"GP","F","1996-12-12","R","GT3","T",2,2,"at_home","other","reputation","mother",1,1,0,"yes","yes","yes","yes","yes","yes","no","no",4,3,1,1,1,2,"2015-08-21 14:59:54",8,"14/13/13"
41,"GP","F","2000-05-11","U","LE3","T",2,2,"other","other","home","mother",2,2,1,"no","yes","no","yes","no","yes","yes","yes",3,3,3,1,2,3,"2013-12-25 14:59:54",25,"7/10/11"
42,"GP","M","1997-04-07","U","LE3","T",4,4,"teacher","other","home","other",1,1,0,"no","yes","no","no","no","yes","yes","yes",5,4,3,2,4,5,"2015-06-13 14:59:54",8,"12/12/12"
43,"GP","M","1997-11-05","U","GT3","T",4,4,"services","teacher","course","father",1,2,0,"no","yes","no","yes","yes","yes","yes","no",4,3,3,1,1,5,"2013-11-30 14:59:54",2,"19/18/18"
44,"GP","M","1998-08-16","U","GT3","T",2,2,"services","services","course","father",1,1,0,"yes","yes","no","no","yes","yes","yes","no",5,4,1,1,1,1,"2015-08-07 14:59:54",0,"8/8/11"
45,"GP","F","1998-07-14","U","LE3","T",2,2,"other","at_home","course","father",2,2,1,"yes","no","no","yes","yes","yes","yes","no",4,3,3,2,2,5,"2015-03-08 14:59:54",14,"10/10/9"
46,"GP","F","1996-11-16","U","LE3","A",4,3,"other","other","course","mother",1,2,0,"yes","yes","yes","yes","yes","yes","yes","yes",5,2,2,1,1,5,"2014-01-18 14:59:54",8,"8/8/6"
47,"GP","F","1997-05-12","U","LE3","A",3,3,"other","services","home","mother",1,2,0,"no","yes","no","no","yes","yes","yes","no",2,3,5,1,4,3,"2014-02-26 14:59:54",12,"11/12/11"
48,"GP","M","1997-01-06","U","GT3","T",4,3,"health","services","reputation","mother",1,4,0,"no","no","no","yes","yes","yes","yes","no",4,2,2,1,1,2,"2015-10-15 14:59:54",4,"19/19/20"
49,"GP","M","1997-12-21","U","GT3","T",4,2,"teacher","other","home","mother",1,2,0,"no","yes","yes","no","yes","yes","no","no",4,3,3,2,2,5,"2014-01-08 14:59:54",2,"15/15/14"
50,"GP","F","1997-11-21","U","GT3","T",4,4,"services","teacher","other","father",1,2,1,"yes","yes","no","yes","no","yes","yes","no",4,4,4,1,1,3,"2015-07-28 14:59:54",2,"7/7/7"
51,"GP","F","1997-12-28","U","LE3","T",2,2,"services","services","course","mother",3,2,0,"no","yes","yes","no","yes","yes","yes","no",4,3,3,2,3,4,"2014-08-24 14:59:54",2,"12/13/13"
52,"GP","F","1999-09-19","U","LE3","T",4,2,"health","other","other","mother",1,2,0,"no","yes","yes","no","yes","yes","yes","no",4,3,3,1,1,5,"2014-03-14 14:59:54",2,"11/13/13"
53,"GP","M","1998-08-23","U","LE3","A",4,2,"health","health","other","father",2,1,1,"no","no","no","no","yes","yes","no","no",5,5,5,3,4,5,"2015-07-02 14:59:54",6,"11/11/10"
54,"GP","F","1996-12-28","U","GT3","T",4,4,"services","services","course","mother",1,1,0,"yes","yes","yes","no","yes","yes","yes","no",3,3,4,2,3,5,"2014-01-14 14:59:54",0,"8/10/11"
55,"GP","F","2000-08-13","U","LE3","A",3,3,"other","other","other","mother",1,1,0,"no","no","yes","no","yes","yes","yes","no",5,3,4,4,4,1,"2014-08-29 14:59:54",6,"10/13/13"
56,"GP","F","1996-11-03","U","GT3","A",2,1,"other","other","other","mother",1,2,0,"no","no","yes","yes","yes","yes","yes","yes",5,3,4,1,1,2,"2014-05-20 14:59:54",8,"8/9/10"
57,"GP","F","1997-09-28","U","GT3","A",4,3,"services","services","reputation","mother",1,2,0,"no","yes","yes","yes","yes","yes","yes","no",4,3,2,1,1,1,"2014-07-30 14:59:54",0,"14/15/15"
58,"GP","M","1997-11-04","U","GT3","T",4,4,"teacher","health","reputation","mother",1,2,0,"no","yes","no","yes","yes","yes","no","no",3,2,2,1,1,5,"2014-06-03 14:59:54",4,"14/15/15"
59,"GP","M","2000-07-01","U","LE3","T",1,2,"other","at_home","home","father",1,2,0,"yes","yes","no","yes","yes","yes","yes","no",4,3,2,1,1,5,"2015-08-16 14:59:54",2,"9/10/9"
60,"GP","F","2000-06-06","U","GT3","T",4,2,"services","other","course","mother",1,2,0,"no","yes","no","no","yes","yes","yes","no",4,2,3,1,1,5,"2015-03-30 14:59:54",2,"15/16/16"
61,"GP","F","1998-12-01","R","GT3","T",4,4,"health","teacher","other","mother",1,2,0,"no","yes","no","yes","yes","yes","no","no",2,4,4,2,3,4,"2015-02-06 14:59:54",6,"10/11/11"
62,"GP","F","2000-07-13","U","GT3","T",1,1,"services","services","course","father",4,1,0,"yes","yes","no","yes","no","yes","yes","yes",5,5,5,5,5,5,"2014-06-17 14:59:54",6,"10/8/11"
63,"GP","F","1999-01-16","U","LE3","T",1,2,"other","services","reputation","father",1,2,0,"yes","no","no","yes","yes","yes","yes","no",4,4,3,1,1,1,"2015-05-26 14:59:54",4,"8/10/9"
64,"GP","F","2000-06-17","U","GT3","T",4,3,"teacher","health","home","mother",1,3,0,"yes","yes","yes","yes","yes","yes","yes","no",3,4,4,2,4,4,"2015-07-17 14:59:54",2,"10/9/9"
65,"GP","F","1998-10-25","U","LE3","T",4,3,"services","services","reputation","father",1,2,0,"yes","no","no","yes","yes","yes","yes","yes",4,4,4,2,4,2,"2014-06-18 14:59:54",0,"10/10/10"
66,"GP","F","1999-07-05","U","LE3","T",4,3,"teacher","services","course","mother",3,2,0,"no","yes","no","yes","yes","yes","yes","no",5,4,3,1,2,1,"2014-12-26 14:59:54",2,"16/15/15"
67,"GP","M","1998-05-13","U","GT3","A",4,4,"other","services","reputation","mother",1,4,0,"no","yes","no","yes","no","yes","yes","yes",1,3,3,5,5,3,"2015-01-02 14:59:54",4,"13/13/12"
68,"GP","F","1997-06-23","U","GT3","T",3,1,"services","other","course","mother",1,4,0,"yes","yes","yes","no","yes","yes","yes","no",4,3,3,1,2,5,"2015-06-27 14:59:54",4,"7/7/6"
69,"GP","F","1998-06-08","R","LE3","T",2,2,"health","services","reputation","mother",2,2,0,"yes","yes","yes","no","yes","yes","yes","no",4,1,3,1,3,4,"2015-08-28 14:59:54",2,"8/9/8"
70,"GP","F","2000-06-25","R","LE3","T",3,1,"other","other","reputation","father",2,4,0,"no","yes","no","no","no","yes","yes","no",4,4,2,2,3,3,"2014-07-18 14:59:54",12,"16/16/16"
71,"GP","M","1997-10-05","U","GT3","T",3,1,"other","other","reputation","father",2,4,0,"no","yes","yes","no","yes","yes","yes","no",4,3,2,1,1,5,"2015-09-26 14:59:54",0,"13/15/15"
72,"GP","M","2000-10-12","U","GT3","T",4,2,"other","other","course","mother",1,4,0,"no","no","no","no","yes","yes","yes","no",3,3,3,1,1,3,"2015-09-22 14:59:54",0,"10/10/10"
73,"GP","F","2000-06-08","R","GT3","T",1,1,"other","other","reputation","mother",1,2,2,"yes","yes","no","no","no","yes","yes","yes",3,3,4,2,4,5,"2014-09-05 14:59:54",2,"8/6/5"
74,"GP","M","1999-01-31","U","GT3","T",3,1,"other","other","reputation","mother",1,1,0,"no","no","no","yes","yes","yes","no","no",5,3,2,2,2,5,"2015-02-22 14:59:54",2,"12/12/14"
75,"GP","F","1999-03-11","U","GT3","T",3,3,"other","services","home","mother",1,2,0,"yes","yes","yes","yes","yes","yes","yes","no",4,3,3,2,4,5,"2015-09-30 14:59:54",54,"11/12/11"
76,"GP","M","2000-07-23","U","GT3","T",4,3,"teacher","other","home","mother",1,2,0,"no","yes","yes","yes","yes","yes","yes","no",4,3,3,2,3,5,"2014-06-20 14:59:54",6,"9/9/10"
77,"GP","M","1996-12-04","U","GT3","T",4,0,"teacher","other","course","mother",2,4,0,"no","no","no","yes","yes","yes","yes","no",3,4,3,1,1,1,"2014-08-21 14:59:54",8,"11/11/10"
78,"GP","F","1999-04-27","U","GT3","T",2,2,"other","other","reputation","mother",1,4,0,"no","no","yes","no","yes","yes","yes","yes",5,2,3,1,3,3,"2015-01-08 14:59:54",0,"11/11/11"
79,"GP","M","1999-07-21","U","GT3","T",2,1,"other","other","home","mother",2,1,3,"yes","yes","no","yes","yes","no","yes","no",4,5,1,1,1,3,"2015-08-15 14:59:54",2,"8/8/10"
80,"GP","F","1998-08-21","U","GT3","T",3,4,"at_home","other","course","mother",1,2,0,"no","yes","no","no","yes","yes","yes","no",2,4,3,1,2,3,"2015-10-15 14:59:54",12,"5/5/5"
81,"GP","M","1997-11-15","U","GT3","T",2,3,"other","services","course","father",1,1,0,"yes","yes","yes","yes","no","yes","yes","yes",3,2,2,1,3,3,"2015-03-15 14:59:54",2,"10/12/12"
82,"GP","M","1998-04-08","U","GT3","T",2,3,"other","other","home","mother",1,3,0,"yes","no","yes","no","no","yes","yes","no",5,3,2,1,2,5,"2014-04-18 14:59:54",4,"11/10/11"
83,"GP","F","2000-02-17","U","LE3","T",3,2,"services","other","reputation","mother",1,2,0,"no","yes","yes","no","yes","yes","yes","no",4,4,4,1,1,5,"2014-02-12 14:59:54",10,"7/6/6"
84,"GP","M","1997-09-02","U","LE3","T",2,2,"services","services","home","mother",2,2,0,"no","no","yes","yes","yes","yes","yes","no",5,3,3,1,3,4,"2014-03-14 14:59:54",4,"15/15/15"
85,"GP","F","1998-02-01","U","GT3","T",1,1,"other","other","home","father",1,2,0,"no","yes","no","yes","no","yes","yes","no",4,3,2,2,3,4,"2014-11-08 14:59:54",2,"9/10/10"
86,"GP","F","1998-09-22","U","GT3","T",4,4,"services","services","reputation","father",2,2,2,"no","no","yes","no","yes","yes","yes","yes",4,4,4,2,3,5,"2015-06-02 14:59:54",6,"7/9/8"
87,"GP","F","1999-03-31","U","LE3","T",2,2,"at_home","other","course","mother",1,2,0,"no","yes","no","no","yes","yes","no","no",4,3,4,1,2,2,"2015-08-25 14:59:54",4,"8/7/6"
88,"GP","F","1997-06-05","U","GT3","T",4,2,"other","other","reputation","mother",1,3,0,"no","yes","no","yes","yes","yes","yes","no",5,3,3,1,3,1,"2015-03-09 14:59:54",4,"13/14/14"
89,"GP","M","1999-01-20","U","GT3","T",2,2,"services","other","reputation","father",2,2,1,"no","no","yes","yes","no","yes","yes","no",4,4,2,1,1,3,"2015-10-01 14:59:54",12,"11/10/10"
90,"GP","M","1998-08-10","U","LE3","A",4,4,"teacher","health","reputation","mother",1,2,0,"no","yes","no","no","yes","yes","no","no",4,1,3,3,5,5,"2014-02-18 14:59:54",18,"8/6/7"
91,"GP","F","1997-02-04","U","GT3","T",3,3,"other","other","home","mother",1,3,0,"no","yes","yes","no","yes","yes","yes","yes",4,3,3,1,3,4,"2013-11-11 14:59:54",0,"7/7/8"
92,"GP","F","1997-03-02","U","GT3","T",4,3,"services","other","reputation","mother",1,1,0,"no","no","yes","yes","yes","yes","yes","no",4,5,5,1,3,1,"2015-03-18 14:59:54",4,"16/17/18"
93,"GP","F","1998-10-31","U","LE3","T",3,1,"other","other","home","father",1,2,0,"yes","yes","no","no","yes","yes","no","no",3,3,3,2,3,2,"2014-02-09 14:59:54",4,"7/6/6"
94,"GP","F","1997-04-25","U","GT3","T",4,2,"teacher","services","home","mother",2,2,0,"no","yes","yes","yes","yes","yes","yes","no",5,3,3,1,1,1,"2013-12-27 14:59:54",0,"11/10/10"
95,"GP","M","2000-09-04","U","LE3","T",2,2,"services","health","reputation","mother",1,4,0,"no","yes","no","yes","yes","yes","yes","no",4,3,4,1,1,4,"2014-01-25 14:59:54",6,"11/13/14"
96,"GP","F","1997-02-24","R","GT3","T",1,1,"at_home","other","home","mother",2,4,1,"yes","yes","yes","yes","yes","yes","yes","no",3,1,2,1,1,1,"2014-05-21 14:59:54",2,"7/10/10"
97,"GP","M","1997-07-12","R","GT3","T",4,3,"services","other","reputation","mother",2,1,0,"yes","yes","no","yes","no","yes","yes","no",3,3,3,1,1,4,"2014-08-20 14:59:54",2,"11/15/15"
98,"GP","F","1999-05-04","U","GT3","T",2,1,"other","other","course","mother",1,2,0,"no","yes","yes","no","yes","yes","no","yes",4,3,5,1,1,5,"2014-05-21 14:59:54",2,"8/9/10"
99,"GP","F","1997-04-30","U","GT3","T",4,4,"other","other","reputation","mother",1,1,0,"no","no","no","yes","no","yes","yes","no",5,3,4,1,2,1,"2015-07-04 14:59:54",6,"11/14/14"
100,"GP","F","1997-01-01","U","GT3","T",4,3,"other","at_home","course","mother",1,3,0,"yes","yes","yes","no","yes","yes","yes","no",5,3,5,1,1,3,"2015-06-23 14:59:54",0,"7/9/8"
101,"GP","M","2000-03-02","U","GT3","T",4,4,"services","services","other","mother",1,1,0,"yes","yes","yes","yes","yes","yes","yes","no",4,5,5,5,5,4,"2015-09-15 14:59:54",14,"7/7/5"
102,"GP","M","1996-12-27","U","GT3","T",4,4,"services","teacher","other","father",1,3,0,"no","yes","no","yes","yes","yes","yes","yes",4,4,3,1,1,4,"2013-12-15 14:59:54",0,"16/17/17"
103,"GP","M","1999-03-31","U","GT3","T",4,4,"services","other","course","mother",1,1,0,"no","yes","no","yes","no","yes","yes","no",5,3,3,1,1,5,"2014-04-26 14:59:54",4,"10/13/14"
104,"GP","F","2000-02-27","U","GT3","T",3,2,"services","other","home","mother",2,2,0,"yes","yes","yes","no","yes","yes","yes","no",4,3,5,1,1,2,"2014-08-10 14:59:54",26,"7/6/6"
105,"GP","M","1996-11-21","U","GT3","A",3,4,"services","other","course","mother",1,2,0,"no","yes","yes","yes","yes","yes","yes","no",5,4,4,1,1,1,"2015-08-20 14:59:54",0,"16/18/18"
106,"GP","F","1999-03-13","U","GT3","A",3,3,"other","health","reputation","father",1,4,0,"yes","no","no","no","yes","yes","no","no",4,3,3,1,1,4,"2015-08-24 14:59:54",10,"10/11/11"
107,"GP","F","1999-12-01","U","GT3","T",2,2,"other","other","course","mother",1,4,0,"yes","yes","yes","no","yes","yes","yes","no",5,1,2,1,1,3,"2014-01-15 14:59:54",8,"7/8/8"
108,"GP","M","1999-04-14","U","GT3","T",3,3,"services","other","home","father",1,3,0,"no","yes","no","yes","yes","yes","yes","no",5,3,3,1,1,5,"2014-11-30 14:59:54",2,"16/18/18"
109,"GP","M","1998-01-16","R","GT3","T",4,4,"other","other","home","father",4,4,0,"no","yes","yes","yes","yes","yes","yes","yes",1,3,5,3,5,1,"2014-03-15 14:59:54",6,"10/13/13"
110,"GP","F","1999-02-06","U","LE3","T",4,4,"health","health","other","mother",1,3,0,"no","yes","yes","yes","yes","yes","yes","yes",5,4,5,1,1,4,"2015-08-21 14:59:54",4,"14/15/16"
111,"GP","M","1998-10-18","U","LE3","A",4,4,"teacher","teacher","course","mother",1,1,0,"no","no","no","yes","yes","yes","yes","no",5,5,3,1,1,4,"2015-09-22 14:59:54",6,"18/19/19"
112,"GP","F","1999-10-21","R","GT3","T",3,3,"services","other","reputation","father",1,3,1,"yes","yes","no","yes","yes","yes","yes","no",4,1,2,1,1,2,"2015-01-05 14:59:54",0,"7/10/10"
113,"GP","F","1999-09-19","U","GT3","T",2,2,"at_home","other","home","mother",1,2,1,"yes","no","no","yes","yes","yes","yes","no",3,1,2,1,1,5,"2014-03-16 14:59:54",6,"10/13/13"
114,"GP","M","1997-05-29","U","LE3","T",4,2,"teacher","other","course","mother",1,1,0,"no","no","no","no","yes","yes","yes","no",3,5,2,1,1,3,"2014-03-30 14:59:54",10,"18/19/19"
115,"GP","M","1998-01-25","R","GT3","T",2,1,"health","services","reputation","mother",1,2,0,"no","no","no","yes","yes","yes","yes","yes",5,4,2,1,1,5,"2015-09-02 14:59:54",8,"9/9/9"
116,"GP","M","1997-03-28","U","GT3","T",4,4,"teacher","teacher","course","father",1,2,0,"no","yes","no","yes","yes","yes","yes","no",5,4,4,1,2,5,"2015-02-07 14:59:54",2,"15/15/16"
117,"GP","M","1998-01-29","U","GT3","T",4,4,"other","teacher","reputation","father",2,2,0,"no","yes","no","yes","yes","yes","no","no",4,4,3,1,1,2,"2015-01-12 14:59:54",2,"11/13/14"
118,"GP","M","1999-04-02","U","GT3","T",3,3,"other","services","home","father",2,1,0,"no","no","no","yes","yes","yes","yes","no",5,4,2,1,1,5,"2014-10-31 14:59:54",0,"13/14/13"
119,"GP","M","2000-08-07","R","GT3","T",1,3,"other","other","course","father",3,2,1,"no","yes","no","yes","yes","yes","yes","no",5,2,4,1,4,5,"2014-01-05 14:59:54",20,"9/7/8"
120,"GP","M","1996-11-03","U","GT3","T",3,4,"other","other","reputation","father",1,1,0,"no","no","no","no","yes","yes","yes","no",3,4,3,1,2,4,"2015-04-30 14:59:54",6,"14/13/13"
121,"GP","F","1997-09-04","U","GT3","T",1,2,"at_home","services","course","mother",1,2,0,"no","no","no","no","no","yes","yes","no",3,2,3,1,2,1,"2014-04-03 14:59:54",2,"16/15/15"
122,"GP","M","1997-06-30","U","GT3","T",2,2,"services","services","home","father",1,4,0,"no","yes","yes","yes","yes","yes","yes","no",5,5,4,1,2,5,"2014-11-13 14:59:54",6,"16/14/15"
123,"GP","F","1999-03-22","U","LE3","T",2,4,"other","health","course","father",2,2,0,"no","yes","yes","yes","yes","yes","yes","yes",4,2,2,1,2,5,"2014-12-12 14:59:54",2,"13/13/13"
124,"GP","M","2000-05-31","U","GT3","T",4,4,"health","other","course","mother",1,1,0,"no","yes","no","yes","yes","yes","yes","no",3,4,4,1,4,5,"2013-12-03 14:59:54",18,"14/11/13"
125,"GP","F","1999-02-01","U","GT3","T",2,2,"other","other","home","mother",1,2,0,"no","no","yes","no","yes","yes","yes","yes",5,4,4,1,1,5,"2015-09-05 14:59:54",0,"8/7/8"
126,"GP","M","2000-07-12","U","GT3","T",3,4,"services","services","home","father",1,1,0,"yes","no","no","no","yes","yes","yes","no",5,5,5,3,2,5,"2013-11-12 14:59:54",0,"13/13/12"
127,"GP","F","1997-10-01","U","LE3","A",3,4,"other","other","home","mother",1,2,0,"yes","no","no","yes","yes","yes","yes","yes",5,3,2,1,1,1,"2015-07-30 14:59:54",0,"7/10/11"
128,"GP","F","2000-08-02","U","GT3","T",0,1,"at_home","other","course","other",1,2,3,"no","yes","no","no","no","no","no","no",3,4,2,1,1,5,"2014-03-07 14:59:54",2,"7/8/9"
129,"GP","M","2000-07-15","R","GT3","T",2,2,"services","other","reputation","mother",1,1,2,"no","yes","no","yes","yes","yes","yes","no",3,3,3,1,2,4,"2014-04-30 14:59:54",0,"7/4/0"
130,"GP","M","2000-09-14","R","GT3","T",4,4,"teacher","teacher","course","mother",1,1,0,"no","no","yes","yes","yes","yes","yes","no",3,5,5,2,5,4,"2014-02-07 14:59:54",8,"18/18/18"
131,"GP","F","1999-01-16","R","GT3","T",3,4,"services","teacher","course","father",2,3,2,"no","yes","no","no","yes","yes","yes","yes",4,2,2,2,2,5,"2015-02-15 14:59:54",0,"12/0/0"
132,"GP","F","1997-09-21","U","GT3","T",1,1,"at_home","other","course","mother",3,1,0,"no","yes","no","yes","no","yes","yes","yes",4,3,3,1,2,4,"2014-09-14 14:59:54",0,"8/0/0"
133,"GP","F","1998-08-20","U","LE3","T",2,2,"other","other","course","father",1,1,0,"no","yes","no","no","yes","yes","yes","yes",3,4,4,1,3,5,"2013-11-20 14:59:54",12,"10/13/12"
134,"GP","F","2000-01-02","U","GT3","A",3,4,"services","other","course","father",1,1,0,"no","no","no","no","yes","yes","yes","no",3,2,1,1,4,5,"2015-05-29 14:59:54",16,"12/11/11"
135,"GP","M","1999-02-02","R","GT3","T",3,4,"at_home","teacher","course","mother",4,2,0,"no","yes","no","no","yes","yes","no","yes",5,3,3,1,1,5,"2013-11-08 14:59:54",0,"9/0/0"
136,"GP","F","1999-11-17","U","GT3","T",4,4,"services","at_home","course","mother",1,3,0,"no","yes","no","yes","yes","yes","yes","yes",4,3,3,1,1,5,"2014-05-19 14:59:54",0,"11/0/0"
137,"GP","M","1997-01-22","R","GT3","T",3,4,"at_home","other","course","mother",3,2,0,"no","no","no","no","yes","yes","no","no",5,4,5,2,4,5,"2014-07-17 14:59:54",0,"10/0/0"
138,"GP","F","2000-08-24","U","GT3","A",3,3,"other","other","course","other",2,1,2,"no","yes","no","yes","no","yes","yes","yes",4,3,2,1,1,5,"2015-03-25 14:59:54",0,"4/0/0"
139,"GP","M","1998-01-28","U","LE3","T",1,1,"services","other","course","mother",1,2,1,"no","no","no","no","yes","yes","no","yes",4,4,4,1,3,5,"2014-02-01 14:59:54",0,"14/12/12"
140,"GP","F","2000-08-26","U","GT3","T",4,4,"teacher","teacher","course","mother",2,1,0,"no","no","no","yes","yes","yes","yes","no",4,3,2,1,1,5,"2014-06-03 14:59:54",0,"16/16/15"
141,"GP","M","1997-07-22","U","GT3","T",4,3,"teacher","services","course","father",2,4,0,"yes","yes","no","no","yes","yes","yes","no",2,2,2,1,1,3,"2014-07-13 14:59:54",0,"7/9/0"
142,"GP","M","1998-06-17","U","LE3","T",2,2,"services","services","reputation","father",2,1,2,"no","yes","no","yes","yes","yes","yes","no",2,3,3,2,2,2,"2015-07-04 14:59:54",8,"9/9/9"
143,"GP","F","2000-03-30","U","GT3","T",4,4,"teacher","services","course","mother",1,3,0,"no","yes","yes","yes","yes","yes","yes","no",4,2,2,1,1,5,"2014-02-19 14:59:54",2,"9/11/11"
144,"GP","F","1997-02-07","U","LE3","T",1,1,"at_home","at_home","course","mother",1,1,0,"no","no","no","no","yes","yes","yes","no",3,4,4,3,3,1,"2013-12-29 14:59:54",2,"14/14/13"
145,"GP","M","2000-08-15","U","GT3","T",2,1,"other","other","home","mother",1,1,3,"no","yes","no","no","yes","yes","yes","no",5,4,5,1,2,5,"2015-05-17 14:59:54",0,"5/0/0"
146,"GP","F","1997-11-04","U","GT3","T",1,1,"other","services","course","father",1,2,0,"no","yes","yes","no","yes","yes","yes","no",4,4,2,1,2,5,"2015-09-11 14:59:54",0,"8/11/11"
147,"GP","F","1999-07-08","U","GT3","T",3,2,"health","services","home","father",1,2,3,"no","yes","no","no","yes","yes","yes","no",3,3,2,1,1,3,"2015-07-22 14:59:54",0,"6/7/0"
148,"GP","F","1999-09-02","U","GT3","T",1,2,"at_home","other","course","mother",1,2,0,"no","yes","yes","no","no","yes","yes","no",4,3,2,1,1,5,"2014-03-12 14:59:54",2,"10/11/11"
149,"GP","M","1997-05-02","U","GT3","T",4,4,"teacher","teacher","course","mother",1,1,0,"no","yes","no","no","yes","no","yes","yes",3,3,2,2,1,5,"2015-05-13 14:59:54",0,"7/6/0"
150,"GP","M","1997-12-12","U","LE3","A",2,1,"services","other","course","mother",4,1,3,"no","no","no","no","yes","yes","yes","no",4,5,5,2,5,5,"2014-09-13 14:59:54",0,"8/9/10"
151,"GP","M","1999-04-12","U","LE3","T",1,1,"other","other","course","mother",1,1,3,"no","no","no","no","yes","no","yes","yes",2,3,5,2,5,4,"2014-05-03 14:59:54",0,"6/5/0"
152,"GP","M","2000-03-19","U","LE3","T",2,1,"at_home","other","course","mother",1,1,1,"no","no","no","yes","yes","yes","no","yes",4,4,4,3,5,5,"2015-04-11 14:59:54",6,"12/13/14"
153,"GP","F","1998-02-05","R","GT3","T",3,3,"services","services","reputation","other",2,3,2,"no","yes","yes","yes","yes","yes","yes","yes",4,2,1,2,3,3,"2015-02-18 14:59:54",8,"10/10/10"
154,"GP","M","1997-08-13","U","GT3","T",3,2,"services","at_home","home","mother",1,1,3,"no","yes","no","no","yes","no","yes","yes",4,5,4,1,1,4,"2013-12-11 14:59:54",0,"5/0/0"
155,"GP","F","1998-06-30","U","GT3","T",4,4,"other","teacher","course","mother",1,1,0,"yes","yes","no","no","yes","yes","no","yes",4,2,1,1,1,4,"2014-06-28 14:59:54",0,"11/11/12"
156,"GP","M","2000-03-13","R","GT3","T",2,3,"at_home","services","course","mother",1,2,0,"yes","no","yes","yes","yes","yes","no","no",4,4,4,1,1,1,"2014-02-04 14:59:54",2,"11/8/8"
157,"GP","M","1996-12-30","R","LE3","T",1,2,"other","other","reputation","mother",1,1,0,"no","no","no","no","yes","yes","no","no",2,2,2,3,3,5,"2015-07-01 14:59:54",8,"16/12/13"
158,"GP","F","1999-03-19","R","GT3","T",1,1,"at_home","other","course","mother",3,1,3,"no","yes","no","yes","no","yes","no","no",5,2,5,1,5,4,"2014-09-08 14:59:54",6,"9/8/10"
159,"GP","M","1999-10-16","R","GT3","T",2,2,"at_home","other","course","mother",3,1,0,"no","no","no","no","no","yes","no","no",4,2,2,1,2,3,"2015-08-08 14:59:54",2,"17/15/15"
160,"GP","M","1999-12-18","U","GT3","T",3,3,"other","services","course","father",1,2,1,"no","yes","yes","no","yes","yes","yes","yes",4,5,5,4,4,5,"2015-05-28 14:59:54",4,"10/12/12"
161,"GP","M","1998-05-24","R","LE3","T",2,1,"at_home","other","course","mother",2,1,2,"no","no","no","yes","yes","no","yes","yes",3,3,2,2,2,5,"2014-09-13 14:59:54",0,"7/6/0"
162,"GP","M","1998-08-03","R","GT3","T",3,2,"other","other","course","mother",2,2,2,"yes","yes","no","no","yes","yes","yes","yes",4,4,4,1,4,3,"2015-03-10 14:59:54",6,"5/9/7"
163,"GP","M","1997-12-21","U","LE3","T",1,2,"other","other","course","mother",2,1,1,"no","no","no","yes","yes","yes","no","no",4,4,4,2,4,5,"2014-04-20 14:59:54",0,"7/0/0"
164,"GP","M","1998-06-25","U","GT3","T",1,3,"at_home","services","course","father",1,1,0,"no","no","no","no","yes","no","yes","no",5,3,3,1,4,2,"2014-05-20 14:59:54",2,"10/10/10"
165,"GP","M","1997-08-24","R","LE3","T",1,1,"other","services","course","mother",4,2,3,"no","no","no","yes","yes","no","no","yes",5,3,5,1,5,5,"2014-11-02 14:59:54",0,"5/8/7"
166,"GP","M","1997-08-06","U","GT3","T",3,2,"services","services","course","mother",2,1,1,"no","yes","no","yes","no","no","no","no",4,5,2,1,1,2,"2014-05-01 14:59:54",16,"12/11/12"
167,"GP","M","1997-03-01","U","GT3","T",2,2,"other","other","course","father",1,2,0,"no","no","no","no","yes","no","yes","no",4,3,5,2,4,4,"2014-09-10 14:59:54",4,"10/10/10"
168,"GP","F","1996-11-02","U","GT3","T",4,2,"health","services","home","father",1,2,0,"no","no","yes","no","yes","yes","yes","yes",4,2,3,1,1,3,"2015-09-05 14:59:54",0,"14/15/16"
169,"GP","F","2000-05-16","U","GT3","T",2,2,"other","other","home","mother",1,2,0,"no","yes","yes","no","no","yes","yes","no",5,1,5,1,1,4,"2014-09-04 14:59:54",0,"6/7/0"
170,"GP","F","1999-11-16","U","GT3","T",4,4,"health","health","reputation","mother",1,2,0,"no","yes","yes","no","yes","yes","yes","yes",4,4,2,1,1,3,"2015-01-18 14:59:54",0,"14/14/14"
171,"GP","M","1999-12-15","U","GT3","T",3,4,"other","other","course","father",3,1,2,"no","yes","no","yes","no","yes","yes","no",3,4,5,2,4,2,"2015-01-04 14:59:54",0,"6/5/0"
172,"GP","M","1997-11-17","U","GT3","T",1,0,"other","other","reputation","mother",2,2,0,"no","yes","yes","yes","yes","yes","yes","yes",4,3,2,1,1,3,"2014-03-07 14:59:54",2,"13/15/16"
173,"GP","M","1997-01-17","U","LE3","T",4,4,"teacher","other","reputation","mother",1,2,0,"no","yes","yes","yes","yes","yes","yes","no",4,4,4,1,3,5,"2014-03-21 14:59:54",0,"13/11/10"
174,"GP","F","1997-08-02","U","GT3","T",1,3,"at_home","services","home","mother",1,2,3,"no","no","no","yes","no","yes","yes","yes",4,3,5,1,1,3,"2015-08-03 14:59:54",0,"8/7/0"
175,"GP","F","1998-01-31","U","LE3","T",3,3,"other","other","reputation","mother",2,2,0,"no","yes","yes","yes","yes","yes","yes","no",4,4,5,1,1,4,"2015-08-05 14:59:54",4,"10/11/9"
176,"GP","M","2000-08-29","U","LE3","T",4,3,"teacher","other","course","mother",2,2,0,"no","no","yes","yes","yes","yes","yes","no",4,4,4,4,4,4,"2013-12-31 14:59:54",4,"10/9/9"
177,"GP","F","2000-02-09","U","GT3","T",2,2,"services","other","reputation","mother",2,2,0,"no","no","yes","yes","no","yes","yes","no",3,4,4,1,4,5,"2015-02-15 14:59:54",2,"13/13/11"
178,"GP","M","1996-12-12","U","GT3","T",3,3,"other","other","reputation","father",1,2,0,"no","no","no","yes","no","yes","yes","no",4,3,4,1,4,4,"2014-06-12 14:59:54",4,"6/5/6"
179,"GP","M","1998-02-12","R","GT3","T",4,2,"teacher","services","other","mother",1,1,0,"no","yes","no","yes","yes","yes","yes","yes",4,3,3,3,4,3,"2015-04-16 14:59:54",10,"10/8/9"
180,"GP","M","2000-02-18","U","GT3","T",4,3,"other","other","course","mother",1,2,0,"no","yes","no","yes","yes","yes","yes","yes",5,2,3,1,1,2,"2014-03-25 14:59:54",4,"10/10/11"
181,"GP","M","1997-12-22","U","GT3","T",4,3,"teacher","other","home","mother",1,2,0,"no","yes","yes","yes","yes","yes","yes","no",3,4,3,2,3,3,"2015-09-25 14:59:54",10,"9/8/8"
182,"GP","M","1998-01-29","U","GT3","T",3,3,"services","other","home","mother",1,2,0,"no","no","yes","yes","yes","yes","yes","yes",4,2,3,1,2,3,"2014-12-13 14:59:54",2,"12/13/12"
183,"GP","F","1999-07-30","U","GT3","T",2,4,"services","services","reputation","father",1,2,0,"no","yes","no","yes","yes","yes","no","no",5,4,2,2,3,5,"2014-12-21 14:59:54",0,"16/17/17"
184,"GP","F","1998-03-30","U","LE3","T",3,3,"other","other","reputation","mother",1,2,0,"no","yes","no","yes","yes","yes","yes","yes",5,3,3,2,3,1,"2014-05-12 14:59:54",56,"9/9/8"
185,"GP","F","1998-04-12","U","GT3","T",3,2,"other","other","reputation","mother",1,2,0,"no","yes","yes","no","yes","yes","yes","no",1,2,2,1,2,1,"2014-09-15 14:59:54",14,"12/13/12"
186,"GP","M","2000-06-05","U","GT3","T",3,3,"services","services","other","mother",1,2,0,"no","yes","no","yes","yes","yes","yes","yes",4,3,4,2,3,4,"2014-11-14 14:59:54",12,"12/12/11"
187,"GP","M","1997-08-11","U","GT3","T",1,2,"services","services","other","mother",1,1,0,"no","yes","yes","yes","yes","yes","yes","yes",3,3,3,1,2,3,"2014-01-07 14:59:54",2,"11/12/11"
188,"GP","M","1999-06-07","U","LE3","T",2,1,"other","other","course","mother",1,2,0,"no","no","yes","yes","yes","yes","yes","yes",4,2,3,1,2,5,"2014-02-11 14:59:54",0,"15/15/15"
189,"GP","F","1997-07-23","U","GT3","A",3,3,"health","other","reputation","mother",1,2,0,"no","yes","no","no","no","yes","yes","yes",3,3,3,1,3,3,"2013-11-18 14:59:54",6,"8/7/9"
190,"GP","M","1997-03-05","R","GT3","T",1,2,"at_home","other","home","mother",1,2,0,"no","no","no","no","yes","yes","no","no",3,1,3,1,5,3,"2014-07-01 14:59:54",4,"8/9/10"
191,"GP","F","1997-01-24","U","GT3","T",2,3,"services","services","course","mother",1,2,0,"no","no","no","no","yes","yes","yes","no",4,3,3,1,1,2,"2014-07-03 14:59:54",10,"11/12/13"
192,"GP","F","1997-08-02","U","GT3","T",1,1,"at_home","services","course","mother",1,2,0,"no","no","no","yes","yes","yes","yes","no",5,3,3,1,1,3,"2014-01-27 14:59:54",0,"8/8/9"
193,"GP","M","1998-04-07","U","GT3","T",1,2,"at_home","services","other","other",2,2,0,"no","no","yes","yes","no","yes","yes","no",4,4,4,4,5,5,"2013-12-04 14:59:54",12,"7/8/8"
194,"GP","M","1996-11-16","R","GT3","T",3,3,"services","services","reputation","mother",1,1,0,"no","yes","no","yes","yes","yes","yes","no",4,3,2,3,4,5,"2014-05-02 14:59:54",8,"8/9/10"
195,"GP","M","2000-03-31","U","GT3","T",2,3,"other","other","home","father",2,1,0,"no","no","no","no","yes","yes","yes","no",5,3,3,1,1,3,"2015-01-11 14:59:54",0,"13/14/14"
196,"GP","F","1999-08-15","U","LE3","T",2,4,"services","services","course","father",1,2,0,"no","no","no","yes","yes","yes","yes","yes",4,3,2,1,1,5,"2014-01-25 14:59:54",0,"14/15/15"
197,"GP","M","1999-04-12","U","GT3","T",4,4,"services","teacher","home","mother",1,1,0,"no","no","no","no","yes","yes","yes","no",5,2,3,1,2,5,"2014-05-04 14:59:54",4,"17/15/16"
198,"GP","M","1999-04-18","R","LE3","T",3,3,"teacher","other","home","father",3,1,0,"no","yes","yes","yes","yes","yes","yes","no",3,3,4,3,5,3,"2015-09-25 14:59:54",8,"9/9/10"
199,"GP","F","1998-05-24","U","GT3","T",4,4,"services","teacher","home","mother",2,1,1,"no","yes","no","no","yes","yes","yes","no",4,2,4,2,3,2,"2015-09-28 14:59:54",24,"18/18/18"
200,"GP","F","1996-11-09","U","LE3","T",4,4,"teacher","teacher","reputation","mother",1,2,0,"no","yes","yes","no","yes","yes","yes","no",4,5,2,1,2,3,"2014-12-18 14:59:54",0,"9/9/10"
201,"GP","F","1996-12-26","U","GT3","T",4,3,"health","other","home","mother",1,2,0,"no","yes","no","yes","yes","yes","yes","no",4,3,5,1,5,2,"2015-06-25 14:59:54",2,"16/16/16"
202,"GP","F","1996-12-15","U","GT3","T",2,3,"other","other","reputation","mother",1,2,0,"yes","yes","yes","yes","yes","yes","no","no",4,4,3,1,3,4,"2014-08-15 14:59:54",6,"8/10/10"
203,"GP","F","2000-02-27","U","GT3","T",1,1,"other","other","course","mother",1,2,0,"no","yes","yes","no","no","yes","no","no",4,4,4,1,3,1,"2013-11-16 14:59:54",4,"9/9/10"
204,"GP","F","1999-08-18","R","GT3","T",2,2,"other","other","reputation","mother",1,1,0,"no","yes","no","no","yes","yes","yes","no",5,3,2,1,2,3,"2015-02-18 14:59:54",18,"7/6/6"
205,"GP","F","1996-12-07","R","GT3","T",2,2,"services","services","reputation","mother",2,4,0,"no","yes","yes","yes","no","yes","yes","no",5,3,5,1,1,5,"2015-09-05 14:59:54",6,"10/10/11"
206,"GP","F","2000-01-31","U","GT3","T",3,4,"at_home","services","home","mother",1,3,1,"no","yes","yes","no","yes","yes","yes","yes",4,4,3,3,4,5,"2015-02-06 14:59:54",28,"10/9/9"
207,"GP","F","2000-03-07","U","GT3","A",3,1,"services","other","course","mother",1,2,3,"no","yes","yes","no","yes","yes","yes","no",2,3,3,2,2,4,"2015-08-01 14:59:54",5,"7/7/7"
208,"GP","F","1998-08-31","U","GT3","T",4,3,"teacher","other","other","mother",1,2,0,"no","no","yes","yes","yes","yes","yes","yes",1,3,2,1,1,1,"2014-07-09 14:59:54",10,"11/12/13"
209,"GP","F","1999-06-12","U","GT3","T",1,1,"at_home","other","home","mother",2,1,0,"no","yes","yes","no","yes","yes","no","no",4,3,2,1,4,5,"2015-06-18 14:59:54",6,"9/9/10"
210,"GP","F","1997-12-08","R","GT3","T",4,3,"teacher","other","reputation","mother",2,3,0,"no","yes","yes","yes","yes","yes","yes","yes",4,4,2,1,1,4,"2015-07-01 14:59:54",6,"7/7/7"
211,"GP","F","2000-03-28","U","GT3","T",3,3,"other","other","reputation","other",1,4,0,"no","yes","yes","yes","yes","yes","yes","no",4,3,3,1,2,3,"2014-11-09 14:59:54",10,"8/8/8"
212,"GP","M","2000-03-14","U","LE3","T",4,4,"services","other","home","mother",1,2,0,"no","yes","yes","no","yes","yes","yes","yes",5,3,5,4,5,3,"2015-08-14 14:59:54",13,"12/12/13"
213,"GP","F","2000-05-16","U","GT3","A",2,2,"other","other","reputation","mother",1,2,0,"yes","yes","yes","no","yes","yes","yes","no",3,3,4,1,1,4,"2014-08-31 14:59:54",0,"12/13/14"
214,"GP","M","1999-02-23","U","GT3","T",2,2,"services","other","home","mother",1,2,1,"no","yes","yes","yes","yes","yes","yes","no",4,4,4,2,4,5,"2014-02-09 14:59:54",15,"6/7/8"
215,"GP","F","2000-04-12","R","LE3","T",4,4,"services","other","other","mother",1,1,0,"no","yes","yes","no","yes","yes","no","no",5,2,1,1,2,3,"2015-05-11 14:59:54",12,"8/10/10"
216,"GP","F","1999-05-26","U","LE3","T",3,2,"other","other","reputation","mother",2,2,0,"no","no","yes","no","yes","yes","yes","no",4,4,4,1,3,1,"2015-01-04 14:59:54",2,"14/15/15"
217,"GP","F","1999-08-19","U","GT3","T",4,3,"other","other","reputation","mother",1,2,2,"no","no","yes","no","yes","yes","yes","yes",3,4,5,2,4,1,"2015-06-17 14:59:54",22,"6/6/4"
218,"GP","M","1997-11-29","U","LE3","T",3,3,"services","health","home","father",1,2,1,"no","yes","yes","no","yes","yes","yes","no",3,2,4,2,4,4,"2014-10-02 14:59:54",13,"6/6/8"
219,"GP","F","1999-03-24","U","GT3","T",2,3,"at_home","other","home","father",2,1,0,"no","yes","yes","no","yes","yes","no","no",3,3,3,1,4,3,"2014-07-10 14:59:54",3,"7/7/8"
220,"GP","F","1997-09-13","U","GT3","T",2,2,"at_home","at_home","course","mother",1,3,0,"no","yes","yes","yes","yes","yes","yes","no",4,3,3,1,1,4,"2014-12-03 14:59:54",4,"9/10/10"
221,"GP","F","1999-09-11","R","GT3","T",2,1,"at_home","services","reputation","mother",2,2,0,"no","yes","no","yes","yes","yes","yes","no",4,2,5,1,2,5,"2014-10-13 14:59:54",2,"6/6/6"
222,"GP","F","1998-12-16","U","GT3","T",1,1,"at_home","other","reputation","mother",1,3,1,"no","yes","no","yes","yes","yes","no","yes",4,3,4,1,1,5,"2014-10-20 14:59:54",0,"6/5/0"
223,"GP","F","1999-06-29","U","GT3","T",2,3,"services","teacher","other","mother",1,2,0,"yes","no","no","no","yes","yes","yes","no",2,3,1,1,1,3,"2014-07-18 14:59:54",2,"16/16/17"
224,"GP","M","1999-07-18","U","GT3","T",2,2,"other","other","home","mother",2,2,0,"no","yes","yes","no","yes","yes","yes","no",3,3,3,5,5,4,"2014-08-25 14:59:54",0,"12/13/13"
225,"GP","F","1999-03-15","U","GT3","T",4,4,"teacher","services","home","mother",1,3,0,"no","yes","no","yes","no","yes","yes","no",5,3,2,1,1,5,"2015-08-23 14:59:54",0,"13/13/14"
226,"GP","F","1997-04-03","R","GT3","T",3,1,"other","other","reputation","mother",1,2,1,"no","no","no","yes","yes","yes","yes","yes",5,3,3,1,1,4,"2014-05-08 14:59:54",16,"9/8/7"
227,"GP","F","1997-08-16","U","GT3","T",3,2,"other","other","course","mother",1,2,0,"no","no","no","yes","no","yes","yes","no",5,3,4,1,3,3,"2014-07-19 14:59:54",10,"16/15/15"
228,"GP","M","2000-06-28","U","LE3","T",2,3,"services","services","reputation","father",1,2,0,"no","yes","yes","no","no","yes","yes","no",5,3,3,1,3,3,"2014-11-02 14:59:54",2,"12/11/12"
229,"GP","M","1999-03-24","U","LE3","T",2,1,"at_home","other","course","mother",4,2,0,"yes","yes","yes","yes","yes","yes","yes","yes",4,3,2,4,5,3,"2014-08-28 14:59:54",14,"10/8/9"
230,"GP","F","1999-03-22","U","GT3","A",2,1,"other","other","course","mother",2,3,0,"no","no","no","yes","yes","yes","yes","yes",3,2,3,1,2,3,"2013-11-30 14:59:54",10,"12/10/12"
231,"GP","F","1999-12-29","U","LE3","T",4,3,"health","other","reputation","father",1,2,0,"no","no","no","yes","yes","yes","yes","yes",3,2,3,1,2,3,"2014-09-06 14:59:54",14,"13/13/14"
232,"GP","M","2000-06-06","R","GT3","T",2,2,"other","other","course","father",2,2,0,"no","yes","yes","yes","yes","yes","yes","no",4,5,2,1,1,1,"2014-05-07 14:59:54",4,"11/11/11"
233,"GP","M","2000-09-20","U","GT3","T",4,4,"teacher","teacher","reputation","mother",1,2,0,"yes","yes","no","yes","yes","yes","yes","yes",4,5,5,1,3,2,"2013-12-19 14:59:54",14,"11/9/9"
234,"GP","M","1998-06-23","U","GT3","T",4,4,"health","other","reputation","father",1,2,0,"no","yes","yes","yes","yes","yes","yes","no",4,2,4,2,4,1,"2014-04-29 14:59:54",2,"14/13/13"
235,"GP","M","1999-06-02","U","LE3","T",1,1,"other","other","home","mother",2,2,0,"no","yes","yes","no","yes","yes","yes","no",3,4,2,1,1,5,"2014-08-26 14:59:54",18,"9/7/6"
236,"GP","M","2000-01-31","U","GT3","T",3,2,"at_home","other","reputation","mother",2,3,0,"no","no","no","yes","yes","yes","yes","yes",5,3,3,1,3,2,"2014-07-08 14:59:54",10,"11/9/10"
237,"GP","M","1996-11-04","U","LE3","T",2,2,"other","other","home","father",1,2,0,"no","no","yes","yes","no","yes","yes","yes",4,4,2,5,5,4,"2014-11-10 14:59:54",4,"14/13/13"
238,"GP","F","1998-05-22","U","GT3","T",2,1,"other","other","home","mother",1,1,0,"no","no","no","no","yes","yes","yes","yes",4,5,2,1,1,5,"2015-02-03 14:59:54",20,"13/12/12"
239,"GP","F","1997-02-22","R","GT3","T",2,1,"at_home","services","course","mother",3,2,0,"no","no","no","yes","yes","yes","no","no",2,1,1,1,1,3,"2015-03-26 14:59:54",2,"13/11/11"
240,"GP","M","1999-06-22","U","GT3","T",2,2,"other","services","reputation","father",1,2,1,"no","no","no","no","yes","no","yes","no",5,5,4,3,5,2,"2014-12-20 14:59:54",0,"7/7/0"
241,"GP","M","1999-11-09","U","LE3","T",4,3,"health","other","course","mother",2,2,0,"no","no","no","yes","yes","yes","yes","yes",2,5,5,1,4,5,"2015-03-06 14:59:54",14,"12/12/12"
242,"GP","M","1999-08-11","R","LE3","A",4,4,"teacher","other","course","mother",2,2,0,"no","yes","yes","no","yes","yes","yes","no",3,3,3,2,3,4,"2015-03-02 14:59:54",2,"10/11/12"
243,"GP","M","1999-09-04","U","LE3","T",4,3,"teacher","other","course","mother",1,1,0,"no","no","no","yes","no","yes","yes","no",5,4,5,1,1,3,"2014-07-04 14:59:54",0,"6/0/0"
244,"GP","M","2000-03-05","U","GT3","T",4,4,"services","services","course","mother",1,1,0,"no","no","no","yes","yes","yes","yes","no",5,3,2,1,2,5,"2014-09-02 14:59:54",0,"13/12/12"
245,"GP","F","1998-03-20","U","GT3","T",2,1,"other","other","course","other",2,3,0,"no","yes","yes","no","no","yes","yes","yes",4,4,4,1,1,3,"2014-12-08 14:59:54",0,"7/0/0"
246,"GP","M","1998-04-19","U","GT3","T",2,1,"other","other","course","mother",3,1,0,"no","no","no","no","yes","yes","yes","no",4,3,3,1,1,4,"2014-01-26 14:59:54",6,"18/18/18"
247,"GP","M","1998-06-27","U","GT3","T",2,3,"other","other","course","father",2,1,0,"no","no","no","no","yes","yes","yes","no",5,2,2,1,1,2,"2014-09-14 14:59:54",4,"12/12/13"
248,"GP","M","1999-10-16","U","GT3","T",3,1,"services","services","other","mother",1,1,3,"no","no","no","no","no","no","yes","yes",5,4,5,5,5,1,"2015-05-23 14:59:54",16,"6/8/8"
249,"GP","M","1998-01-09","R","LE3","T",3,3,"other","services","course","mother",1,2,1,"no","yes","no","no","yes","yes","yes","yes",4,3,3,1,3,5,"2015-01-05 14:59:54",8,"3/5/5"
250,"GP","M","1997-10-14","U","GT3","T",0,2,"other","other","other","mother",1,1,0,"no","no","yes","no","no","yes","yes","no",4,3,2,2,4,5,"2014-03-07 14:59:54",0,"13/15/15"
251,"GP","M","1999-09-01","U","GT3","T",3,2,"services","other","course","mother",2,1,1,"no","no","no","no","yes","no","yes","no",4,4,5,2,4,5,"2015-07-04 14:59:54",0,"6/8/8"
252,"GP","M","2000-03-24","U","GT3","T",3,3,"at_home","other","reputation","other",3,2,0,"yes","yes","no","no","no","yes","yes","no",5,3,3,1,3,2,"2014-07-16 14:59:54",6,"7/10/10"
253,"GP","M","1999-07-05","U","GT3","T",2,1,"services","services","other","mother",1,1,1,"no","no","no","no","no","no","yes","no",3,2,5,2,5,5,"2015-05-22 14:59:54",4,"6/9/8"
254,"GP","M","1999-07-03","R","GT3","T",2,1,"other","other","course","mother",2,1,0,"no","no","no","yes","no","yes","no","no",3,3,2,1,3,3,"2014-08-11 14:59:54",0,"8/9/8"
255,"GP","M","1998-06-26","R","GT3","T",2,1,"other","other","course","mother",1,1,0,"no","no","no","no","no","yes","yes","no",4,4,2,2,4,5,"2014-06-03 14:59:54",0,"8/12/12"
256,"GP","M","1996-11-26","U","LE3","T",1,1,"health","other","course","mother",2,1,1,"no","yes","no","yes","yes","yes","yes","no",4,4,4,1,2,5,"2014-10-23 14:59:54",2,"7/9/8"
257,"GP","F","2000-09-28","U","LE3","T",4,2,"teacher","services","reputation","mother",1,4,0,"no","yes","yes","yes","yes","yes","yes","no",4,2,3,1,1,4,"2013-12-16 14:59:54",6,"14/12/13"
258,"GP","M","1999-08-26","U","LE3","A",4,3,"services","at_home","reputation","mother",1,2,0,"no","yes","no","no","yes","yes","yes","no",4,3,1,1,1,1,"2014-02-24 14:59:54",12,"11/11/11"
259,"GP","M","1999-05-27","U","GT3","T",2,1,"other","other","home","mother",1,2,0,"no","no","no","yes","yes","yes","yes","no",5,2,4,1,2,4,"2015-07-06 14:59:54",8,"15/14/14"
260,"GP","F","2000-07-14","U","LE3","T",2,2,"services","services","course","father",1,4,0,"no","no","yes","yes","yes","yes","yes","yes",3,4,1,1,1,2,"2015-03-15 14:59:54",0,"10/9/0"
261,"GP","F","1996-12-31","U","GT3","T",4,3,"services","other","home","father",1,2,0,"no","yes","yes","no","yes","yes","yes","yes",3,1,2,1,3,2,"2013-11-08 14:59:54",21,"17/18/18"
262,"GP","M","1999-12-25","U","GT3","T",4,3,"teacher","other","course","mother",1,2,0,"no","yes","yes","no","no","yes","yes","no",4,3,2,1,1,3,"2014-07-26 14:59:54",2,"8/8/8"
263,"GP","M","1999-02-14","R","GT3","T",3,2,"other","other","course","mother",1,3,0,"no","no","no","yes","no","yes","no","no",5,3,2,1,1,3,"2015-04-17 14:59:54",1,"13/12/12"
264,"GP","F","1999-08-15","U","GT3","T",3,3,"other","other","home","mother",1,3,0,"no","no","no","yes","no","yes","no","no",3,2,3,1,1,4,"2015-07-21 14:59:54",4,"10/9/9"
265,"GP","F","1998-06-10","U","GT3","T",2,2,"at_home","services","home","mother",1,3,0,"no","yes","yes","yes","yes","yes","yes","yes",4,3,3,1,1,3,"2014-11-06 14:59:54",0,"9/10/0"
266,"GP","M","1999-11-20","R","LE3","A",3,4,"other","other","reputation","mother",2,2,0,"no","yes","yes","yes","yes","yes","yes","no",4,2,5,3,4,1,"2015-03-12 14:59:54",13,"17/17/17"
267,"GP","M","1998-03-02","U","GT3","T",3,1,"services","other","other","mother",1,2,0,"no","no","yes","yes","yes","yes","yes","yes",5,4,4,3,4,5,"2014-06-25 14:59:54",2,"9/9/10"
268,"GP","F","2000-03-12","R","GT3","T",4,4,"teacher","other","reputation","mother",2,2,0,"no","no","yes","yes","yes","yes","yes","no",4,3,4,2,2,4,"2015-08-13 14:59:54",8,"12/10/11"
269,"GP","M","1996-11-22","U","GT3","T",4,2,"health","other","reputation","father",1,2,0,"no","yes","yes","yes","yes","yes","yes","yes",5,4,5,1,3,5,"2014-12-11 14:59:54",10,"10/9/10"
270,"GP","F","1998-10-14","R","GT3","T",2,1,"other","other","reputation","mother",2,2,0,"no","yes","no","no","yes","no","yes","yes",4,3,5,1,2,3,"2014-06-29 14:59:54",0,"6/0/0"
271,"GP","F","1999-09-06","U","GT3","T",3,3,"other","services","home","other",1,2,2,"no","yes","yes","yes","yes","yes","yes","no",4,3,5,3,3,5,"2015-06-11 14:59:54",15,"9/9/9"
272,"GP","F","1998-07-07","U","GT3","T",2,3,"other","services","reputation","father",1,4,0,"no","yes","yes","yes","yes","yes","yes","yes",4,5,5,1,3,2,"2014-02-05 14:59:54",4,"15/14/14"
273,"GP","F","1999-09-10","U","LE3","T",1,1,"other","other","home","mother",2,2,0,"no","yes","yes","no","no","yes","no","no",4,4,3,1,1,3,"2014-09-25 14:59:54",2,"11/11/11"
274,"GP","M","2000-01-06","R","GT3","T",1,2,"at_home","at_home","home","mother",1,2,0,"no","yes","yes","yes","no","yes","no","yes",3,5,2,2,2,1,"2013-11-17 14:59:54",2,"15/14/14"
275,"GP","F","1999-07-29","U","GT3","T",2,4,"at_home","health","reputation","mother",2,2,0,"no","yes","yes","no","yes","yes","yes","yes",4,3,3,1,1,1,"2015-09-16 14:59:54",2,"10/10/10"
276,"GP","F","1998-10-09","U","LE3","T",2,2,"services","other","course","mother",2,2,0,"yes","yes","yes","no","yes","yes","yes","yes",4,4,4,2,3,5,"2015-08-10 14:59:54",6,"12/12/12"
277,"GP","F","1997-06-24","R","GT3","A",3,2,"other","services","home","mother",2,2,0,"no","no","no","no","no","no","yes","yes",4,1,1,1,1,5,"2014-07-13 14:59:54",75,"10/9/9"
278,"GP","M","1999-06-08","U","GT3","T",4,4,"teacher","services","home","mother",2,1,0,"no","no","yes","yes","yes","yes","yes","no",3,2,4,1,4,3,"2014-11-28 14:59:54",22,"9/9/9"
279,"GP","F","1998-01-15","U","GT3","T",4,4,"health","health","reputation","father",1,2,1,"yes","yes","no","yes","yes","yes","yes","yes",2,4,4,1,1,4,"2014-02-18 14:59:54",15,"9/8/8"
280,"GP","M","1998-02-02","U","LE3","T",4,3,"teacher","services","course","mother",2,1,0,"no","no","yes","yes","yes","yes","yes","no",4,2,3,1,2,1,"2014-12-21 14:59:54",8,"10/11/10"
281,"GP","M","1999-03-12","U","LE3","A",4,1,"services","other","home","mother",2,1,0,"no","no","yes","yes","yes","yes","yes","yes",4,5,4,2,4,5,"2015-08-15 14:59:54",30,"8/8/8"
282,"GP","M","1997-12-04","U","LE3","A",3,2,"teacher","services","home","mother",1,1,1,"no","no","no","no","yes","yes","yes","no",4,4,4,3,4,3,"2014-06-07 14:59:54",19,"11/9/10"
283,"GP","F","1998-09-07","R","LE3","T",1,1,"at_home","other","reputation","mother",2,4,0,"no","yes","yes","yes","yes","yes","no","no",5,2,2,1,1,3,"2015-03-17 14:59:54",1,"12/12/12"
284,"GP","F","1997-06-22","U","GT3","T",1,1,"other","other","home","mother",2,2,0,"yes","no","no","yes","yes","yes","yes","no",5,4,4,1,1,4,"2014-01-30 14:59:54",4,"8/9/10"
285,"GP","F","1998-02-26","U","GT3","T",2,2,"other","other","course","mother",1,2,0,"no","yes","no","no","no","yes","yes","no",5,4,5,1,2,5,"2015-08-18 14:59:54",4,"10/9/11"
286,"GP","M","2000-04-24","U","GT3","T",1,1,"other","other","reputation","father",1,2,0,"no","no","yes","no","no","yes","yes","no",4,3,3,1,2,4,"2014-08-11 14:59:54",2,"12/10/11"
287,"GP","F","1998-06-07","U","GT3","T",2,2,"at_home","at_home","other","mother",1,3,0,"no","yes","yes","no","yes","yes","yes","no",4,3,3,1,2,2,"2014-04-13 14:59:54",5,"18/18/19"
288,"GP","F","1999-05-22","U","GT3","T",1,1,"services","teacher","reputation","mother",1,3,0,"no","yes","yes","no","yes","yes","yes","no",4,3,3,1,1,3,"2014-02-24 14:59:54",6,"13/12/12"
289,"GP","M","2000-04-23","U","GT3","T",2,1,"services","services","reputation","mother",1,3,0,"no","no","yes","yes","yes","yes","yes","no",4,2,4,1,3,2,"2015-04-02 14:59:54",6,"15/14/14"
290,"GP","M","1999-03-12","U","LE3","A",4,4,"teacher","teacher","reputation","mother",1,2,0,"no","yes","yes","yes","yes","yes","yes","no",5,4,3,1,1,2,"2015-04-19 14:59:54",9,"15/13/15"
291,"GP","M","1998-12-12","U","GT3","T",4,2,"teacher","other","home","mother",1,2,0,"no","yes","yes","yes","yes","yes","yes","yes",4,3,2,1,4,5,"2014-07-12 14:59:54",11,"12/11/11"
292,"GP","F","2000-01-19","U","GT3","T",4,3,"health","services","reputation","mother",1,3,0,"no","yes","yes","no","yes","yes","yes","no",4,2,2,1,2,3,"2014-10-04 14:59:54",0,"15/15/15"
293,"GP","F","1998-06-06","U","LE3","T",2,1,"services","at_home","reputation","mother",1,2,1,"no","no","no","no","yes","yes","yes","yes",5,4,3,1,1,5,"2014-09-15 14:59:54",12,"12/12/13"
294,"GP","F","1997-09-22","R","LE3","T",3,1,"services","other","reputation","mother",2,4,0,"no","yes","yes","no","yes","yes","no","no",3,1,2,1,1,3,"2013-11-19 14:59:54",6,"18/18/18"
295,"GP","M","1998-07-07","R","LE3","T",3,2,"services","other","reputation","mother",2,3,0,"no","yes","yes","yes","yes","yes","yes","no",5,4,2,1,1,4,"2014-04-27 14:59:54",8,"14/13/14"
296,"GP","M","1999-01-28","U","GT3","T",3,3,"health","other","home","mother",1,1,0,"no","yes","yes","no","yes","yes","yes","no",4,4,3,1,3,5,"2015-08-12 14:59:54",4,"14/12/11"
297,"GP","F","1998-04-19","U","GT3","T",4,4,"health","other","reputation","other",2,2,0,"no","yes","yes","yes","yes","yes","yes","no",2,3,4,2,3,2,"2014-11-23 14:59:54",0,"10/9/0"
298,"GP","F","1997-06-01","U","LE3","T",4,3,"other","other","home","other",2,2,0,"no","yes","yes","no","yes","yes","yes","yes",4,4,5,1,2,2,"2014-03-14 14:59:54",10,"10/8/8"
299,"GP","F","1999-10-07","U","GT3","T",4,3,"other","other","reputation","father",1,4,0,"no","yes","yes","no","yes","yes","yes","no",4,3,3,1,1,3,"2015-03-24 14:59:54",0,"14/13/14"
300,"GP","M","1998-12-21","U","LE3","T",4,4,"teacher","teacher","home","mother",1,1,0,"no","yes","yes","no","yes","yes","yes","yes",1,4,2,2,2,1,"2014-09-02 14:59:54",5,"16/15/16"
301,"GP","F","1999-01-02","U","LE3","A",4,4,"health","other","home","mother",1,2,0,"no","yes","no","no","yes","yes","yes","yes",4,2,4,1,1,4,"2015-01-30 14:59:54",14,"12/10/11"
302,"GP","M","2000-03-31","U","LE3","T",4,4,"other","teacher","home","father",2,1,0,"no","no","yes","no","yes","yes","yes","no",4,1,1,2,2,5,"2014-11-18 14:59:54",0,"11/11/10"
303,"GP","F","2000-04-11","U","GT3","T",4,2,"other","other","reputation","mother",2,3,0,"no","yes","yes","no","yes","yes","yes","no",4,3,3,1,1,3,"2014-04-26 14:59:54",0,"15/12/14"
304,"GP","F","1998-03-18","U","GT3","T",3,2,"health","health","reputation","father",1,4,0,"no","yes","yes","yes","no","yes","yes","no",5,2,2,1,2,5,"2015-08-03 14:59:54",0,"17/17/18"
305,"GP","M","2000-06-11","U","GT3","T",3,3,"other","other","home","other",1,2,1,"no","yes","no","yes","yes","yes","yes","yes",4,4,4,1,1,3,"2014-05-15 14:59:54",20,"15/14/13"
306,"GP","F","2000-06-18","U","GT3","T",2,4,"services","at_home","reputation","other",1,2,1,"no","yes","yes","yes","yes","yes","yes","no",4,4,3,1,1,3,"2013-12-22 14:59:54",8,"14/12/12"
307,"GP","M","1999-07-28","U","GT3","A",3,2,"services","other","course","other",1,1,0,"no","no","no","yes","yes","yes","no","no",5,5,3,1,1,5,"2015-04-09 14:59:54",0,"17/18/18"
308,"GP","M","2000-02-21","U","GT3","T",4,4,"teacher","services","reputation","other",2,1,1,"no","yes","yes","no","yes","yes","yes","yes",4,3,4,1,1,4,"2014-12-07 14:59:54",38,"8/9/8"
309,"GP","M","1998-05-11","R","GT3","T",3,3,"other","services","reputation","father",1,2,1,"no","no","no","yes","yes","yes","no","yes",4,5,3,1,2,5,"2014-04-18 14:59:54",0,"15/12/12"
310,"GP","F","1998-03-14","U","LE3","T",1,1,"at_home","other","reputation","other",1,2,1,"yes","yes","no","yes","no","yes","yes","no",4,4,3,1,3,3,"2015-02-09 14:59:54",18,"12/10/10"
311,"GP","F","1996-11-22","U","LE3","T",1,2,"services","services","home","other",1,2,1,"no","no","no","yes","no","yes","no","yes",4,2,4,2,2,3,"2014-12-10 14:59:54",0,"9/9/0"
312,"GP","F","1998-05-31","U","GT3","T",2,1,"at_home","other","other","other",3,2,0,"no","yes","no","no","yes","no","yes","yes",3,4,1,1,1,2,"2014-04-14 14:59:54",20,"14/12/13"
313,"GP","M","1999-11-18","U","GT3","T",1,2,"other","services","course","other",1,2,1,"no","no","no","no","no","yes","yes","no",4,5,2,2,2,4,"2014-07-21 14:59:54",3,"13/11/11"
314,"GP","F","2000-04-19","U","LE3","T",3,2,"services","other","reputation","other",2,2,1,"no","yes","yes","no","no","yes","yes","yes",4,2,2,1,2,1,"2014-03-25 14:59:54",22,"13/10/11"
315,"GP","F","2000-10-23","U","GT3","T",1,1,"at_home","health","home","other",1,3,2,"no","no","no","no","no","yes","yes","yes",4,1,2,1,1,3,"2015-08-01 14:59:54",14,"15/13/13"
316,"GP","F","1999-06-16","R","GT3","T",2,3,"other","other","reputation","other",1,3,1,"no","no","no","no","yes","yes","yes","yes",4,1,2,1,1,3,"2014-02-21 14:59:54",40,"13/11/11"
317,"GP","F","1996-11-30","U","GT3","T",2,1,"services","other","course","mother",2,2,0,"no","yes","yes","yes","yes","yes","yes","no",5,3,3,1,2,1,"2015-10-10 14:59:54",0,"8/8/0"
318,"GP","F","2000-03-02","U","GT3","T",4,3,"other","other","course","mother",1,3,0,"no","yes","yes","yes","yes","yes","yes","yes",4,3,4,1,1,5,"2015-02-27 14:59:54",9,"9/10/9"
319,"GP","F","2000-04-30","R","GT3","T",3,4,"at_home","services","course","father",1,3,0,"no","yes","yes","yes","no","yes","yes","no",4,3,4,2,5,5,"2014-07-15 14:59:54",0,"11/11/10"
320,"GP","F","1998-08-26","U","GT3","T",4,4,"teacher","other","course","mother",1,2,0,"no","yes","yes","no","yes","yes","yes","no",4,4,4,3,3,5,"2013-12-24 14:59:54",2,"11/11/11"
321,"GP","F","1999-02-27","U","GT3","A",4,3,"services","services","course","mother",1,2,0,"no","yes","yes","no","yes","yes","yes","yes",5,2,2,1,2,5,"2013-10-28 14:59:54",23,"13/13/13"
322,"GP","F","1998-02-26","U","GT3","T",2,2,"other","other","course","mother",1,2,0,"no","yes","no","no","yes","yes","no","yes",4,2,2,1,1,3,"2015-02-09 14:59:54",12,"11/9/9"
323,"GP","F","2000-09-14","R","LE3","T",2,2,"services","services","course","mother",1,3,0,"no","yes","yes","yes","yes","yes","yes","no",3,3,2,2,2,3,"2014-06-29 14:59:54",3,"11/11/11"
324,"GP","F","2000-01-19","U","GT3","T",3,1,"services","services","course","father",1,3,0,"no","yes","no","no","no","yes","yes","no",3,4,3,2,3,5,"2014-06-18 14:59:54",1,"12/14/15"
325,"GP","F","2000-05-06","U","LE3","T",0,2,"at_home","at_home","home","father",2,3,0,"no","no","no","no","yes","yes","yes","no",3,3,3,2,3,2,"2014-12-19 14:59:54",0,"16/15/15"
326,"GP","M","1999-09-26","U","GT3","T",4,4,"other","other","course","mother",1,3,0,"no","no","no","yes","yes","yes","yes","no",4,3,3,2,2,3,"2013-12-26 14:59:54",3,"9/12/11"
327,"GP","M","1999-06-04","U","GT3","T",3,3,"other","services","reputation","mother",1,1,0,"no","no","no","yes","no","yes","yes","no",4,3,5,3,5,5,"2014-09-28 14:59:54",3,"14/15/16"
328,"GP","M","1997-10-05","R","GT3","T",2,2,"services","other","course","mother",4,1,0,"no","yes","no","no","yes","yes","yes","no",4,4,5,5,5,4,"2014-10-15 14:59:54",8,"11/10/10"
329,"GP","F","2000-05-13","U","GT3","T",4,4,"teacher","services","course","mother",1,3,0,"no","yes","yes","yes","yes","yes","yes","no",5,4,4,1,3,4,"2014-10-26 14:59:54",7,"10/9/9"
330,"GP","F","1997-01-12","U","GT3","T",4,4,"teacher","teacher","course","mother",2,3,0,"no","yes","yes","no","no","yes","yes","yes",4,3,3,1,2,4,"2015-05-28 14:59:54",4,"14/14/14"
331,"GP","M","1996-11-17","U","LE3","T",2,2,"other","other","course","mother",1,4,0,"no","yes","no","yes","yes","yes","yes","no",4,5,5,2,4,5,"2014-11-26 14:59:54",2,"9/8/8"
332,"GP","F","1999-06-07","R","GT3","T",2,4,"at_home","other","course","father",1,3,0,"no","yes","no","no","yes","yes","yes","yes",4,4,3,1,1,5,"2015-08-17 14:59:54",7,"12/14/14"
333,"GP","F","1997-07-24","U","GT3","T",3,3,"services","services","home","mother",1,2,0,"no","no","no","yes","yes","yes","yes","no",5,3,4,1,1,4,"2014-02-04 14:59:54",0,"7/0/0"
334,"GP","F","2000-07-01","U","LE3","T",2,2,"other","other","home","other",1,2,0,"no","no","no","yes","no","yes","yes","yes",4,3,3,1,1,2,"2014-08-15 14:59:54",0,"8/8/0"
335,"GP","F","1998-12-03","R","GT3","T",2,2,"at_home","other","course","mother",2,4,0,"no","no","no","yes","yes","yes","no","no",4,4,4,1,1,4,"2014-12-02 14:59:54",0,"10/9/0"
336,"GP","F","2000-01-30","U","GT3","T",3,4,"services","other","course","mother",1,3,0,"no","no","no","no","yes","yes","yes","no",4,4,5,1,3,5,"2013-12-04 14:59:54",16,"16/15/15"
337,"GP","F","1999-03-15","R","GT3","A",3,1,"services","at_home","home","other",1,3,1,"no","no","yes","no","yes","yes","no","no",5,4,3,1,2,5,"2014-02-10 14:59:54",12,"14/13/13"
338,"GP","F","1999-03-12","U","GT3","T",3,2,"other","other","home","mother",1,2,0,"no","yes","yes","no","yes","yes","yes","yes",4,3,2,2,3,2,"2014-02-06 14:59:54",0,"7/8/0"
339,"GP","F","1999-04-25","U","LE3","T",3,3,"services","services","home","mother",1,4,0,"no","yes","no","no","yes","yes","yes","no",5,3,3,1,1,1,"2014-08-16 14:59:54",7,"16/15/17"
340,"GP","F","1997-12-16","R","GT3","A",3,2,"other","other","home","mother",1,2,0,"no","yes","yes","no","yes","yes","yes","no",4,3,3,2,3,2,"2013-12-02 14:59:54",4,"9/10/10"
341,"GP","F","1996-11-04","U","GT3","T",2,1,"services","services","home","other",1,3,1,"no","no","yes","yes","yes","yes","yes","yes",4,3,4,1,3,3,"2013-12-04 14:59:54",4,"11/12/11"
342,"GP","M","1999-08-28","U","GT3","T",4,4,"teacher","services","home","father",1,2,1,"no","yes","no","yes","yes","yes","yes","no",4,3,3,2,2,2,"2015-09-20 14:59:54",0,"10/10/0"
343,"GP","M","1997-12-08","U","LE3","T",3,4,"services","other","home","mother",1,2,0,"no","no","no","yes","yes","yes","yes","yes",4,3,3,1,3,5,"2013-12-20 14:59:54",11,"16/15/15"
344,"GP","F","1999-10-01","U","GT3","A",2,2,"at_home","at_home","home","father",1,2,1,"no","yes","no","no","yes","yes","yes","yes",3,3,1,1,2,4,"2014-02-13 14:59:54",0,"9/8/0"
345,"GP","F","1998-07-11","U","GT3","T",2,3,"at_home","other","course","mother",1,3,0,"no","yes","no","no","yes","yes","yes","no",4,3,3,1,2,3,"2014-05-22 14:59:54",4,"11/10/10"
346,"GP","F","1997-02-02","U","GT3","T",3,2,"other","services","other","mother",1,3,0,"no","no","no","no","yes","yes","yes","yes",5,4,3,2,3,1,"2014-08-06 14:59:54",7,"13/13/14"
347,"GP","M","1998-04-26","R","GT3","T",4,3,"teacher","services","course","mother",1,3,0,"no","no","no","no","yes","yes","yes","yes",5,3,2,1,2,4,"2014-12-17 14:59:54",9,"16/15/16"
348,"GP","M","1997-02-22","U","GT3","T",4,3,"teacher","other","course","mother",1,3,0,"no","yes","yes","no","yes","yes","yes","yes",5,4,5,2,3,5,"2014-12-12 14:59:54",0,"10/10/9"
349,"GP","F","1997-12-07","U","GT3","T",4,3,"health","other","reputation","mother",1,3,0,"no","yes","yes","yes","yes","yes","yes","yes",4,4,3,1,3,4,"2014-06-25 14:59:54",0,"13/15/15"
350,"MS","M","1999-08-11","R","GT3","T",3,2,"other","other","course","mother",2,1,1,"no","yes","no","no","no","yes","yes","no",2,5,5,5,5,5,"2015-06-01 14:59:54",10,"11/13/13"
351,"MS","M","2000-10-06","R","GT3","T",1,1,"other","services","home","other",3,2,3,"no","no","no","no","yes","yes","yes","no",5,4,4,3,3,2,"2015-09-14 14:59:54",8,"8/7/8"
352,"MS","M","2000-08-21","U","GT3","T",3,3,"health","other","course","mother",2,2,0,"no","yes","yes","no","yes","yes","yes","no",4,5,4,2,3,3,"2014-02-19 14:59:54",2,"13/13/13"
353,"MS","M","1999-09-30","U","LE3","T",1,3,"at_home","services","course","mother",1,1,1,"no","no","no","no","yes","no","yes","yes",4,3,3,2,3,3,"2014-11-22 14:59:54",7,"8/7/8"
354,"MS","M","1999-11-27","R","GT3","T",1,1,"other","other","home","other",3,1,1,"no","yes","no","no","yes","yes","yes","no",4,4,4,3,3,5,"2014-04-10 14:59:54",4,"8/8/8"
355,"MS","M","2000-05-24","R","GT3","T",4,3,"services","other","home","mother",2,2,0,"no","yes","yes","yes","no","yes","yes","yes",4,5,5,1,3,2,"2014-12-06 14:59:54",4,"13/11/11"
356,"MS","F","1999-12-12","U","GT3","T",3,3,"services","services","course","father",1,2,0,"no","yes","no","no","yes","yes","no","yes",5,3,4,1,1,5,"2015-02-24 14:59:54",0,"10/9/9"
357,"MS","F","1997-08-11","R","GT3","T",4,4,"teacher","services","other","father",2,2,0,"no","yes","yes","yes","yes","yes","yes","no",4,3,3,1,2,5,"2014-04-16 14:59:54",4,"12/13/13"
358,"MS","F","1998-12-30","U","LE3","A",3,2,"services","other","reputation","mother",2,2,0,"no","no","no","no","yes","yes","no","yes",1,2,3,1,2,5,"2015-09-07 14:59:54",2,"12/12/11"
359,"MS","M","2000-05-02","U","LE3","T",1,1,"other","services","home","father",2,1,0,"no","no","no","no","no","yes","yes","yes",3,3,2,1,2,3,"2015-03-03 14:59:54",4,"10/10/10"
360,"MS","F","1997-02-25","U","LE3","T",1,1,"at_home","services","course","father",2,3,0,"no","no","no","no","yes","yes","yes","no",5,3,2,1,1,4,"2014-05-23 14:59:54",0,"18/16/16"
361,"MS","F","2000-10-25","R","LE3","A",1,4,"at_home","other","course","mother",3,2,0,"no","no","no","no","yes","yes","no","yes",4,3,4,1,4,5,"2014-02-03 14:59:54",0,"13/13/13"
362,"MS","M","1997-05-23","R","LE3","T",1,1,"at_home","other","other","mother",2,2,1,"no","no","no","yes","no","no","no","no",4,4,3,2,3,5,"2014-09-11 14:59:54",2,"13/12/12"
363,"MS","F","1997-03-27","U","GT3","T",3,3,"services","services","other","mother",2,2,0,"no","yes","no","no","yes","yes","yes","yes",4,3,2,1,3,3,"2014-02-09 14:59:54",0,"11/11/10"
364,"MS","F","2000-08-23","U","LE3","T",4,4,"at_home","at_home","course","mother",1,2,0,"no","yes","yes","yes","yes","yes","yes","yes",2,3,4,1,1,1,"2014-01-11 14:59:54",0,"16/15/15"
365,"MS","F","1998-10-26","R","GT3","T",1,2,"other","services","course","father",2,2,0,"no","no","no","no","no","yes","no","no",3,2,2,1,2,3,"2014-08-04 14:59:54",0,"12/11/12"
366,"MS","M","1998-12-15","R","GT3","T",1,3,"at_home","other","course","mother",2,2,0,"no","yes","yes","no","yes","yes","no","no",3,3,4,2,4,3,"2013-12-11 14:59:54",4,"10/10/10"
367,"MS","M","1996-11-18","U","LE3","T",4,4,"teacher","services","other","mother",2,3,0,"no","no","yes","no","yes","yes","yes","yes",4,2,2,2,2,5,"2013-11-10 14:59:54",0,"13/13/13"
368,"MS","F","1998-11-30","R","GT3","T",1,1,"other","services","reputation","mother",3,1,1,"no","yes","yes","no","yes","yes","yes","yes",5,2,1,1,2,1,"2014-12-12 14:59:54",0,"7/6/0"
369,"MS","F","1996-11-10","U","GT3","T",2,3,"at_home","services","course","father",2,1,0,"no","yes","yes","no","yes","yes","yes","yes",5,2,3,1,2,4,"2014-12-20 14:59:54",0,"11/10/10"
370,"MS","F","1999-01-19","R","GT3","T",4,4,"other","teacher","other","father",3,2,0,"no","yes","yes","no","no","yes","yes","yes",3,2,2,4,2,5,"2015-04-08 14:59:54",10,"14/12/11"
371,"MS","F","1998-01-26","U","LE3","T",3,2,"services","services","home","other",2,2,2,"no","no","no","yes","yes","yes","no","yes",3,2,2,1,1,3,"2014-03-13 14:59:54",4,"7/7/9"
372,"MS","M","1998-10-28","R","LE3","T",1,2,"at_home","services","other","father",3,1,0,"no","yes","yes","yes","yes","no","yes","yes",4,3,3,2,3,3,"2014-12-24 14:59:54",3,"14/12/12"
373,"MS","F","1998-04-16","U","GT3","T",2,2,"other","at_home","home","mother",1,3,0,"no","no","no","yes","yes","yes","no","yes",3,4,3,1,1,3,"2014-05-12 14:59:54",8,"13/11/11"
374,"MS","F","1997-02-14","R","GT3","T",1,2,"other","other","course","mother",1,1,0,"no","no","no","yes","yes","yes","yes","no",3,5,5,1,3,1,"2013-11-02 14:59:54",14,"6/5/5"
375,"MS","F","1997-08-22","R","LE3","T",4,4,"other","other","reputation","mother",2,3,0,"no","no","no","no","yes","yes","yes","no",5,4,4,1,1,1,"2013-11-08 14:59:54",0,"19/18/19"
376,"MS","F","1997-09-27","R","GT3","T",1,1,"other","other","home","mother",4,3,0,"no","no","no","no","yes","yes","yes","no",4,3,2,1,2,4,"2015-05-09 14:59:54",2,"8/8/10"
377,"MS","F","1998-04-11","U","GT3","T",4,2,"health","other","course","other",2,3,2,"no","yes","yes","no","no","yes","yes","yes",5,4,3,1,1,3,"2014-05-16 14:59:54",4,"15/14/15"
378,"MS","F","1999-03-21","R","LE3","T",4,4,"teacher","services","course","mother",1,2,0,"no","no","yes","yes","yes","yes","yes","no",5,4,3,3,4,2,"2014-01-12 14:59:54",4,"8/9/10"
379,"MS","F","1998-12-21","U","GT3","T",3,3,"other","other","home","mother",1,2,0,"no","no","yes","no","yes","yes","yes","yes",4,1,3,1,2,1,"2015-08-08 14:59:54",0,"15/15/15"
380,"MS","F","2000-07-26","R","GT3","T",3,1,"at_home","other","reputation","mother",1,2,0,"no","yes","yes","yes","no","yes","yes","no",4,5,4,2,3,1,"2015-03-27 14:59:54",17,"10/10/10"
381,"MS","M","1997-07-11","U","GT3","T",4,4,"teacher","teacher","home","father",1,2,0,"no","no","yes","yes","no","yes","yes","no",3,2,4,1,4,2,"2013-12-27 14:59:54",4,"15/14/14"
382,"MS","M","1997-01-27","R","GT3","T",2,1,"other","other","other","mother",2,1,0,"no","no","no","yes","no","yes","yes","yes",4,4,3,1,3,5,"2015-10-01 14:59:54",5,"7/6/7"
383,"MS","M","1997-02-16","U","GT3","T",2,3,"other","services","home","father",2,2,0,"no","no","no","yes","yes","yes","yes","no",4,4,3,1,1,3,"2014-06-06 14:59:54",2,"11/11/10"
384,"MS","M","1997-02-17","R","GT3","T",1,1,"other","services","other","mother",2,1,1,"no","no","no","no","yes","yes","no","no",4,3,2,1,3,5,"2014-09-23 14:59:54",0,"6/5/0"
385,"MS","M","2000-04-13","R","GT3","T",4,2,"other","other","home","father",2,1,1,"no","no","yes","no","yes","yes","no","no",5,4,3,4,3,3,"2014-10-28 14:59:54",14,"6/5/5"
386,"MS","F","1998-09-09","R","GT3","T",2,2,"at_home","other","other","mother",2,3,0,"no","no","yes","no","yes","yes","no","no",5,3,3,1,3,4,"2014-05-05 14:59:54",2,"10/9/10"
387,"MS","F","1999-05-23","R","GT3","T",4,4,"teacher","at_home","reputation","mother",3,1,0,"no","yes","yes","yes","yes","yes","yes","yes",4,4,3,2,2,5,"2014-11-02 14:59:54",7,"6/5/6"
388,"MS","F","1999-05-10","R","GT3","T",2,3,"services","other","course","mother",1,3,1,"no","no","no","yes","no","yes","yes","no",5,4,2,1,2,5,"2014-12-30 14:59:54",0,"7/5/0"
389,"MS","F","1999-11-19","U","LE3","T",3,1,"teacher","services","course","mother",1,2,0,"no","yes","yes","no","yes","yes","yes","no",4,3,4,1,1,1,"2014-08-11 14:59:54",0,"7/9/8"
390,"MS","F","1999-07-04","U","GT3","T",1,1,"other","other","course","mother",2,2,1,"no","no","no","yes","yes","yes","no","no",1,1,1,1,1,5,"2013-12-09 14:59:54",0,"6/5/0"
391,"MS","M","1998-06-06","U","LE3","A",2,2,"services","services","course","other",1,2,2,"no","yes","yes","no","yes","yes","no","no",5,5,4,4,5,4,"2015-08-06 14:59:54",11,"9/9/9"
392,"MS","M","2000-04-04","U","LE3","T",3,1,"services","services","course","mother",2,1,0,"no","no","no","no","no","yes","yes","no",2,4,5,3,4,2,"2014-09-01 14:59:54",3,"14/16/16"
393,"MS","M","2000-02-07","R","GT3","T",1,1,"other","other","course","other",1,1,3,"no","no","no","no","no","yes","no","no",5,5,3,3,3,3,"2015-03-15 14:59:54",3,"10/8/7"
394,"MS","M","1999-09-05","R","LE3","T",3,2,"services","other","course","mother",3,1,0,"no","no","no","no","no","yes","yes","no",4,4,1,3,4,5,"2015-06-12 14:59:54",0,"11/12/10"
395,"MS","M","1999-01-27","U","LE3","T",1,1,"other","at_home","course","father",1,1,0,"no","no","no","no","yes","yes","yes","no",3,2,3,3,3,5,"2015-05-31 14:59:54",5,"8/9/9"
